protocolo,metrica,no,valor,unidade
proprio,convergencia_inicial,rede,7,s
proprio,tabela_rotas,a,9,rotas
proprio,rotas_aprendidas,a,6,rotas
proprio,tabela_rotas,b,9,rotas
proprio,rotas_aprendidas,b,6,rotas
proprio,tabela_rotas,c,9,rotas
proprio,rotas_aprendidas,c,6,rotas
proprio,tabela_rotas,d,9,rotas
proprio,rotas_aprendidas,d,6,rotas
proprio,tabela_rotas,e,9,rotas
proprio,rotas_aprendidas,e,6,rotas
proprio,controle_pacotes,a,306,pacotes
proprio,controle_bytes,a,90225,bytes
proprio,controle_pacotes,b,270,pacotes
proprio,controle_bytes,b,80426,bytes
proprio,controle_pacotes,c,246,pacotes
proprio,controle_bytes,c,68172,bytes
proprio,controle_pacotes,d,232,pacotes
proprio,controle_bytes,d,64250,bytes
proprio,controle_pacotes,e,270,pacotes
proprio,controle_bytes,e,86369,bytes
proprio,controle_pacotes,total,1324,pacotes
proprio,controle_bytes,total,389442,bytes
proprio,controle_taxa,total,25962.8,bit/s
proprio,controle_pacotes_por_min,total,662.0,pacotes/min
proprio,rtt_min,ha-he,8.518,ms
proprio,rtt_medio,ha-he,11.003,ms
proprio,rtt_max,ha-he,19.478,ms
proprio,saltos,ha-he,4,saltos
proprio,falha_indisponibilidade,ha-he,4.8,s
proprio,falha_pacotes_perdidos,ha-he,23,pacotes
proprio,falha_controle_pacotes,total,2463,pacotes
